-5.680656127929687500e+02,0.000000000000000000e+00,0.000000000000000000e+00,0.000000000000000000e+00,0.000000000000000000e+00,0.000000000000000000e+00,0.000000000000000000e+00,0.000000000000000000e+00,0.000000000000000000e+00,0.000000000000000000e+00,0.000000000000000000e+00,0.000000000000000000e+00,0.000000000000000000e+00
-5.680656127929687500e+02,0.000000000000000000e+00,0.000000000000000000e+00,0.000000000000000000e+00,0.000000000000000000e+00,0.000000000000000000e+00,0.000000000000000000e+00,0.000000000000000000e+00,0.000000000000000000e+00,0.000000000000000000e+00,0.000000000000000000e+00,0.000000000000000000e+00,0.000000000000000000e+00
-5.680656127929687500e+02,0.000000000000000000e+00,0.000000000000000000e+00,0.000000000000000000e+00,0.000000000000000000e+00,0.000000000000000000e+00,0.000000000000000000e+00,0.000000000000000000e+00,0.000000000000000000e+00,0.000000000000000000e+00,0.000000000000000000e+00,0.000000000000000000e+00,0.000000000000000000e+00
-5.680656127929687500e+02,0.000000000000000000e+00,0.000000000000000000e+00,0.000000000000000000e+00,0.000000000000000000e+00,0.000000000000000000e+00,0.000000000000000000e+00,0.000000000000000000e+00,0.000000000000000000e+00,0.000000000000000000e+00,0.000000000000000000e+00,0.000000000000000000e+00,0.000000000000000000e+00
-5.680656127929687500e+02,0.000000000000000000e+00,0.000000000000000000e+00,0.000000000000000000e+00,0.000000000000000000e+00,0.000000000000000000e+00,0.000000000000000000e+00,0.000000000000000000e+00,0.000000000000000000e+00,0.000000000000000000e+00,0.000000000000000000e+00,0.000000000000000000e+00,0.000000000000000000e+00
-5.680656127929687500e+02,0.000000000000000000e+00,0.000000000000000000e+00,0.000000000000000000e+00,0.000000000000000000e+00,0.000000000000000000e+00,0.000000000000000000e+00,0.000000000000000000e+00,0.000000000000000000e+00,0.000000000000000000e+00,0.000000000000000000e+00,0.000000000000000000e+00,0.000000000000000000e+00
-5.680656127929687500e+02,0.000000000000000000e+00,0.000000000000000000e+00,0.000000000000000000e+00,0.000000000000000000e+00,0.000000000000000000e+00,0.000000000000000000e+00,0.000000000000000000e+00,0.000000000000000000e+00,0.000000000000000000e+00,0.000000000000000000e+00,0.000000000000000000e+00,0.000000000000000000e+00
-5.365661010742187500e+02,2.903382492065429688e+01,4.151219367980957031e+00,-3.468112945556640625e+00,-5.711892843246459961e-01,-4.817275404930114746e-01,-4.786977171897888184e-01,1.003469347953796387e+00,2.066092938184738159e-01,-9.622350335121154785e-03,3.951882362365722656e+00,9.561067581176757812e+00,1.465299797058105469e+01
-4.423897094726562500e+02,7.293857574462890625e+01,-4.330581665039062500e+00,9.211706161499023438e+00,1.264138031005859375e+01,4.356058597564697266e+00,8.049192428588867188e+00,9.336849212646484375e+00,1.447280526161193848e+00,9.050600051879882812e+00,9.714003562927246094e+00,1.239916038513183594e+01,1.682398605346679688e+01
-4.280493164062500000e+02,6.293170166015625000e+01,4.230335235595703125e+00,1.309970092773437500e+01,1.539903926849365234e+01,8.450586318969726562e+00,1.141803359985351562e+01,1.170759391784667969e+01,2.096227169036865234e+00,1.363001823425292969e+01,1.279450225830078125e+01,1.323080444335937500e+01,1.192737197875976562e+01
-4.914132690429687500e+02,4.334010314941406250e+01,8.608840942382812500e+00,1.682901000976562500e+01,1.562075901031494141e+01,8.174172401428222656e+00,4.417404174804687500e+00,8.242461204528808594e+00,6.686152935028076172e+00,1.335098648071289062e+01,1.190687561035156250e+01,8.192590713500976562e+00,4.560773372650146484e+00
-5.262059326171875000e+02,3.035909652709960938e+01,7.686347484588623047e+00,6.254652976989746094e+00,1.587796568870544434e+00,6.535099029541015625e+00,5.255594253540039062e+00,2.957601070404052734e+00,5.072862148284912109e+00,3.735747098922729492e+00,3.710033178329467773e+00,2.427802801132202148e+00,1.132993102073669434e+00
-4.994214172363281250e+02,4.785739135742187500e+01,1.641154861450195312e+01,7.325479984283447266e+00,-4.201971054077148438e+00,8.692281723022460938e+00,8.193985939025878906e+00,-8.038777112960815430e-02,3.362676620483398438e+00,8.278196334838867188e+00,1.100231266021728516e+01,1.285752487182617188e+01,7.083156585693359375e+00
-4.895942687988281250e+02,4.896807098388671875e+01,1.450946617126464844e+01,5.665548801422119141e+00,3.238594770431518555e+00,9.535524368286132812e+00,4.528547763824462891e+00,3.549085140228271484e+00,2.135933399200439453e+00,1.101852798461914062e+01,1.279685592651367188e+01,1.367951774597167969e+01,1.017645072937011719e+01
-5.255933227539062500e+02,3.666355514526367188e+01,1.015278625488281250e+01,3.189665317535400391e+00,6.514218330383300781e+00,7.631317615509033203e+00,5.303667068481445312e+00,6.853854656219482422e+00,3.997809410095214844e+00,7.040755271911621094e+00,9.432338714599609375e+00,1.173145866394042969e+01,9.150865554809570312e+00
-5.198618164062500000e+02,4.138312530517578125e+01,8.444089889526367188e+00,-1.169417858123779297e+00,1.578823447227478027e+00,1.709799170494079590e-01,9.625400304794311523e-01,7.202961921691894531e+00,1.109913444519042969e+01,6.663350582122802734e+00,1.137006163597106934e+00,3.565639495849609375e+00,3.178845882415771484e+00
-4.957316589355468750e+02,4.736513137817382812e+01,6.521905899047851562e+00,6.515649795532226562e+00,8.013503551483154297e-01,2.389097929000854492e+00,6.621788978576660156e+00,6.954457283020019531e+00,1.302261257171630859e+01,6.024505615234375000e+00,-3.372297286987304688e+00,-2.186282634735107422e+00,1.256370544433593750e+00
-5.026022949218750000e+02,4.636192321777343750e+01,1.046149063110351562e+01,1.064033889770507812e+01,4.853265583515167236e-01,3.811238288879394531e+00,6.911570072174072266e+00,4.939466953277587891e+00,5.045338630676269531e+00,4.279694080352783203e+00,4.261666238307952881e-01,-2.469906806945800781e+00,2.035419940948486328e-01
-4.804443969726562500e+02,6.455648040771484375e+01,2.174387741088867188e+01,7.260783672332763672e+00,-5.285768508911132812e+00,-3.967716991901397705e-01,1.369093358516693115e-01,-2.282387912273406982e-01,-3.862129211425781250e+00,-1.414503574371337891e+00,2.919157028198242188e+00,4.115904867649078369e-01,-2.710714817047119141e+00
-4.385072021484375000e+02,6.820039367675781250e+01,2.994202423095703125e+01,9.265298843383789062e+00,6.641916632652282715e-01,3.188062667846679688e+00,-1.926231741905212402e+00,-3.578129291534423828e+00,-5.195638656616210938e+00,1.796832680702209473e-01,3.105918169021606445e-01,-1.747440814971923828e+00,-6.937110900878906250e+00
-4.159077453613281250e+02,6.585491943359375000e+01,2.679460906982421875e+01,3.865856647491455078e+00,-2.664476156234741211e+00,7.832622528076171875e-01,5.259051322937011719e-01,-5.181557178497314453e+00,-5.286730289459228516e+00,6.986845135688781738e-01,-4.748763084411621094e+00,-8.006458282470703125e+00,-8.837897300720214844e+00
-3.764284362792968750e+02,7.685192871093750000e+01,2.484431457519531250e+01,-3.005463600158691406e+00,-4.265145301818847656e+00,7.756062507629394531e+00,-3.569208621978759766e+00,-5.788551330566406250e+00,-2.904479980468750000e+00,-1.017415881156921387e+00,-1.024460792541503906e+01,-8.985428810119628906e+00,-8.963582992553710938e+00
-3.826106262207031250e+02,8.412327575683593750e+01,2.156988906860351562e+01,-7.306337833404541016e+00,-2.150810718536376953e+00,9.727554321289062500e+00,-4.583526611328125000e+00,-3.885231494903564453e+00,-3.363084554672241211e+00,-5.653219223022460938e-01,-8.671627044677734375e+00,-6.848393440246582031e+00,-6.846570968627929688e+00
-4.177379455566406250e+02,8.336381530761718750e+01,1.736193847656250000e+01,-1.137381172180175781e+01,-1.043944120407104492e+00,3.389199256896972656e+00,-1.980689764022827148e+00,-2.809883594512939453e+00,-5.640307426452636719e+00,7.725602984428405762e-01,-5.166270256042480469e+00,-5.261460304260253906e+00,-3.040404796600341797e+00
-4.366957397460937500e+02,7.842919158935546875e+01,1.939948654174804688e+01,-5.724119663238525391e+00,2.631787776947021484e+00,6.723463535308837891e-01,-1.256605267524719238e+00,-6.462678432464599609e+00,-7.738202095031738281e+00,-1.818924665451049805e+00,-9.034980773925781250e+00,-3.582527160644531250e+00,3.900974392890930176e-01
-4.444275207519531250e+02,7.947201538085937500e+01,2.150348091125488281e+01,-3.994891405105590820e+00,3.143038988113403320e+00,6.037117481231689453e+00,-2.711162328720092773e+00,-4.293334960937500000e+00,-4.941894531250000000e+00,-5.355140209197998047e+00,-9.918647766113281250e+00,-2.051282405853271484e+00,-2.152103185653686523e-01
-4.602992248535156250e+02,7.669361877441406250e+01,2.242119598388671875e+01,1.255245208740234375e-01,-1.353278994560241699e+00,5.165226936340332031e+00,-3.265214920043945312e+00,1.958588600158691406e+00,3.983059406280517578e+00,-3.232909917831420898e+00,-4.558672904968261719e+00,-3.905611634254455566e-01,-1.221898794174194336e-01
-4.445662841796875000e+02,7.916879272460937500e+01,1.869779586791992188e+01,-7.479277610778808594e+00,-3.526654720306396484e+00,-5.964086532592773438e+00,-6.922733306884765625e+00,-9.443254768848419189e-02,5.623747348785400391e+00,-5.796843767166137695e-01,-7.096277713775634766e+00,3.292744874954223633e+00,2.477010011672973633e+00
-4.078462829589843750e+02,9.335393524169921875e+01,8.647096633911132812e+00,-1.689731597900390625e+01,-5.046254634857177734e+00,-1.475270366668701172e+01,-1.322435951232910156e+01,1.844976663589477539e+00,9.500911712646484375e+00,7.938275933265686035e-01,-8.428078651428222656e+00,2.860595941543579102e+00,9.494197845458984375e+00
-4.300993652343750000e+02,9.818965148925781250e+01,1.840381431579589844e+01,-8.199749946594238281e+00,-2.251287937164306641e+00,-9.884217262268066406e+00,-7.996987819671630859e+00,1.405930280685424805e+00,7.757144927978515625e+00,1.358250141143798828e+00,-7.524874687194824219e+00,3.556764125823974609e-02,6.916562080383300781e+00
-4.699320068359375000e+02,8.348368835449218750e+01,1.956001281738281250e+01,-6.213233947753906250e+00,7.929673790931701660e-01,1.924638509750366211e+00,-5.811239242553710938e+00,-5.116584777832031250e+00,3.120751857757568359e+00,4.350908279418945312e+00,4.401010870933532715e-01,-4.121021270751953125e+00,2.468941807746887207e-01
-4.613188171386718750e+02,7.335140991210937500e+01,3.056450128555297852e+00,-1.932571792602539062e+01,-4.871912598609924316e-01,-5.957160949707031250e+00,-1.345079040527343750e+01,-1.078270912170410156e+01,6.055670976638793945e-01,9.124928474426269531e+00,5.168261528015136719e+00,-5.020392894744873047e+00,4.134634494781494141e+00
-4.932836608886718750e+02,5.936297607421875000e+01,1.593513870239257812e+01,-4.968730926513671875e+00,3.240004539489746094e+00,1.033090353012084961e+00,-9.325382232666015625e+00,-7.793374061584472656e+00,4.901934623718261719e+00,1.075464820861816406e+01,1.929080009460449219e+00,1.640132069587707520e-01,4.719809532165527344e+00
-5.113222656250000000e+02,4.668859863281250000e+01,2.610027313232421875e+01,1.496681880950927734e+01,2.837175369262695312e+00,8.199264526367187500e+00,1.887695670127868652e+00,-1.354123950004577637e+00,7.717343330383300781e+00,1.110488891601562500e+01,2.683542251586914062e+00,-4.618430137634277344e-02,-6.923974156379699707e-01
-5.397799682617187500e+02,3.156334877014160156e+01,2.229650497436523438e+01,1.376207447052001953e+01,3.255616188049316406e+00,3.672642707824707031e+00,4.334214210510253906e+00,4.555284500122070312e+00,8.828461647033691406e+00,8.305017471313476562e+00,4.991491317749023438e+00,1.638338088989257812e+00,-4.620901048183441162e-01
-5.554492187500000000e+02,1.570022201538085938e+01,1.113801097869873047e+01,7.453278064727783203e+00,5.773106575012207031e+00,4.876799583435058594e+00,3.689044475555419922e+00,2.342722892761230469e+00,1.131756901741027832e+00,8.612404763698577881e-02,-2.690667212009429932e-01,7.672143578529357910e-01,2.572107553482055664e+00
-5.409864501953125000e+02,5.746938705444335938e+00,2.163042449951171875e+01,1.303363418579101562e+01,6.421370983123779297e+00,7.937962055206298828e+00,4.530730247497558594e+00,3.642576217651367188e+00,-1.833244562149047852e+00,3.778143882751464844e+00,-2.626454591751098633e+00,8.157863616943359375e-01,1.547447204589843750e+00
-4.639075012207031250e+02,-3.162681198120117188e+01,2.774052047729492188e+01,1.404554367065429688e+01,3.892045617103576660e-01,6.519970417022705078e+00,3.372413158416748047e+00,-1.073153376579284668e+00,-2.057027339935302734e+00,8.825740814208984375e+00,-1.573605179786682129e+00,4.948515892028808594e+00,8.383361697196960449e-01
-4.144056396484375000e+02,-3.713744354248046875e+01,2.696448135375976562e+01,6.892684936523437500e+00,8.063970208168029785e-01,4.865554332733154297e+00,-2.250519514083862305e+00,-7.771888971328735352e-01,-3.069534778594970703e+00,1.338929939270019531e+01,-8.927892684936523438e+00,8.688549041748046875e+00,3.336664199829101562e+00
-4.319821166992187500e+02,-2.572921752929687500e+01,2.397466468811035156e+01,5.746555328369140625e+00,-6.685930490493774414e-02,3.759195566177368164e+00,-2.482474803924560547e+00,3.437280416488647461e+00,-2.156680822372436523e+00,1.249720859527587891e+01,-1.376488685607910156e+01,6.631230354309082031e+00,3.102855980396270752e-01
-4.622899475097656250e+02,3.165523910522460938e+01,1.065701198577880859e+01,9.507486343383789062e+00,-3.147265017032623291e-01,1.011200666427612305e+00,3.431039810180664062e+00,1.239386558532714844e+00,5.844719886779785156e+00,6.121594309806823730e-01,-4.574967384338378906e+00,3.321336984634399414e+00,-3.002456188201904297e+00
-4.930012817382812500e+02,5.086770629882812500e+01,1.321315193176269531e+01,6.893736839294433594e+00,4.113937318325042725e-01,3.953242301940917969e+00,3.614791631698608398e+00,2.678160667419433594e+00,5.982329845428466797e+00,-8.182148933410644531e-01,-4.298787117004394531e+00,3.836298942565917969e+00,8.822261095046997070e-01
-4.548224182128906250e+02,7.130603027343750000e+01,8.139997482299804688e+00,2.514917373657226562e+01,3.157435607910156250e+01,4.568720340728759766e+00,-1.032593154907226562e+01,4.340035438537597656e+00,1.389202117919921875e+01,7.898999691009521484e+00,2.641989231109619141e+00,5.495440483093261719e+00,6.023127555847167969e+00
-4.048113708496093750e+02,5.790192031860351562e+01,1.783777427673339844e+01,3.043436813354492188e+01,1.518233585357666016e+01,1.928522109985351562e+01,-1.960512161254882812e+01,4.646971702575683594e+00,1.543098735809326172e+01,4.972854852676391602e-01,5.793402671813964844e+00,3.460015296936035156e+00,4.361590385437011719e+00
-3.689018859863281250e+02,1.016972351074218750e+01,1.352117347717285156e+01,3.218497848510742188e+01,-1.738990402221679688e+01,3.426204681396484375e+01,-3.503839874267578125e+01,1.136363983154296875e+01,1.852222824096679688e+01,-1.181657791137695312e+01,2.359685897827148438e+00,7.909320831298828125e+00,3.611055612564086914e-01
-3.772706909179687500e+02,3.029959201812744141e+00,7.863725185394287109e+00,2.881041336059570312e+01,-2.208272361755371094e+01,3.113948822021484375e+01,-3.616573333740234375e+01,1.081372070312500000e+01,1.756184005737304688e+01,-1.377897262573242188e+01,-2.119658142328262329e-01,4.276096820831298828e+00,-1.139026403427124023e+00
-4.574309387207031250e+02,3.333350372314453125e+01,2.630814743041992188e+01,2.578865814208984375e+01,-5.733929634094238281e+00,2.114742279052734375e+01,-1.106377601623535156e+01,9.645000457763671875e+00,1.051731491088867188e+01,-5.260278701782226562e+00,4.497344493865966797e+00,9.320695400238037109e-01,1.594190597534179688e+00
-4.903828125000000000e+02,3.229758834838867188e+01,2.616014862060546875e+01,1.824710845947265625e+01,3.321940898895263672e+00,1.231350517272949219e+01,9.188795089721679688e-01,6.843371391296386719e+00,2.938168048858642578e+00,4.983107566833496094e+00,8.441072702407836914e-01,9.619637727737426758e-01,-2.437656879425048828e+00
-2.842607727050781250e+02,-2.877344608306884766e+00,2.336255836486816406e+01,1.616740798950195312e+01,-1.214435672760009766e+01,8.936320304870605469e+00,-2.158199119567871094e+01,-9.624913215637207031e+00,1.591344833374023438e+00,-9.607553482055664062e+00,-6.401165008544921875e+00,1.193888306617736816e+00,2.392009973526000977e+00
-1.733674774169921875e+02,-3.106172561645507812e+01,3.544422149658203125e+01,2.580561828613281250e+01,-1.770860671997070312e+01,6.285632133483886719e+00,-2.111138534545898438e+01,-9.014695167541503906e+00,-9.513213634490966797e-01,-1.011226940155029297e+01,-5.020361423492431641e+00,3.556658267974853516e+00,2.929403781890869141e-01
-1.412221832275390625e+02,-3.902373123168945312e+01,2.479876708984375000e+01,3.814545440673828125e+01,-6.780806064605712891e+00,4.003349304199218750e+00,-2.520975875854492188e+01,-6.200192451477050781e+00,3.448522090911865234e+00,-8.710088729858398438e+00,-6.742211341857910156e+00,7.074900627136230469e+00,4.011779785156250000e+00
-1.453902130126953125e+02,2.982873916625976562e+00,2.304744338989257812e+01,5.513990783691406250e+01,1.586689567565917969e+01,1.437168502807617188e+01,-2.521733474731445312e+01,-7.284992694854736328e+00,3.280049085617065430e+00,-8.921616554260253906e+00,-1.426243209838867188e+01,2.983404636383056641e+00,-2.111105918884277344e+00
-1.406011352539062500e+02,6.573680114746093750e+01,2.764221191406250000e+01,5.487397003173828125e+01,3.569637298583984375e+01,1.098493480682373047e+01,-3.607058334350585938e+01,-1.315305519104003906e+01,2.800154685974121094e+00,-2.239015960693359375e+01,-2.068281555175781250e+01,3.184928894042968750e+00,3.529780149459838867e+00
-1.412905883789062500e+02,7.795417785644531250e+01,2.993796920776367188e+01,4.717881393432617188e+01,4.586833190917968750e+01,9.777183532714843750e+00,-4.522388458251953125e+01,-1.141670036315917969e+01,8.734045982360839844e+00,-3.312174987792968750e+01,-1.888356018066406250e+01,1.663970708847045898e+00,1.205084705352783203e+01
-1.472165374755859375e+02,7.653669738769531250e+01,2.095240783691406250e+01,4.603417587280273438e+01,5.302364349365234375e+01,9.302668571472167969e+00,-4.645830535888671875e+01,-1.059929084777832031e+01,9.151128768920898438e+00,-3.535470581054687500e+01,-1.812992858886718750e+01,1.874317646026611328e+00,1.210365104675292969e+01
-1.423195648193359375e+02,8.215870666503906250e+01,1.832232475280761719e+01,4.669509887695312500e+01,4.757540893554687500e+01,3.931974649429321289e+00,-5.202586364746093750e+01,-9.404935836791992188e+00,7.455118179321289062e+00,-2.793685531616210938e+01,-1.399972343444824219e+01,4.674972891807556152e-01,8.754936218261718750e+00
-1.355797119140625000e+02,7.343620300292968750e+01,1.560861492156982422e+01,6.033069610595703125e+01,3.131634521484375000e+01,6.052037239074707031e+00,-4.892232894897460938e+01,-1.361864280700683594e+01,1.893888711929321289e-01,-2.308073806762695312e+01,-1.478376483917236328e+01,-1.416866421699523926e+00,8.637316703796386719e+00
-1.376816864013671875e+02,6.934762573242187500e+01,1.988473510742187500e+01,6.468607330322265625e+01,2.192976760864257812e+01,1.557206153869628906e+01,-4.525875091552734375e+01,-1.446919345855712891e+01,-4.653447151184082031e+00,-2.249428176879882812e+01,-9.343048095703125000e+00,-6.722834110260009766e+00,5.455656051635742188e+00
-1.561249389648437500e+02,8.414651489257812500e+01,2.331900405883789062e+01,5.285346221923828125e+01,2.485450744628906250e+01,2.441386032104492188e+01,-5.160723114013671875e+01,-8.963490486145019531e+00,-1.888473033905029297e+00,-2.226657867431640625e+01,-6.061277389526367188e+00,-1.534743118286132812e+01,2.196635723114013672e+00
-1.692956390380859375e+02,9.600576782226562500e+01,2.641135025024414062e+01,4.664609527587890625e+01,2.332499313354492188e+01,2.988875961303710938e+01,-5.051396942138671875e+01,-4.412179946899414062e+00,1.153311491012573242e+00,-2.210496902465820312e+01,-5.819773197174072266e+00,-1.600309753417968750e+01,-8.548292517662048340e-02
-1.726990509033203125e+02,9.272143554687500000e+01,1.884421157836914062e+01,5.148079681396484375e+01,1.649625968933105469e+01,2.313023757934570312e+01,-4.852436065673828125e+01,-4.584246635437011719e+00,-4.105488300323486328e+00,-2.401935005187988281e+01,-4.967377662658691406e+00,-9.355663299560546875e+00,-6.322044134140014648e-02
-1.863601837158203125e+02,8.501266479492187500e+01,6.345775604248046875e+00,6.290438842773437500e+01,1.542429542541503906e+01,1.162383365631103516e+01,-4.182853698730468750e+01,-5.225092411041259766e+00,-6.957642078399658203e+00,-1.641651153564453125e+01,-8.275593757629394531e+00,-9.512700080871582031e+00,-4.190145432949066162e-01
-1.999620666503906250e+02,8.466319274902343750e+01,1.414889454841613770e+00,6.212004470825195312e+01,2.803335952758789062e+01,1.708745956420898438e+01,-3.528034591674804688e+01,-8.132124900817871094e+00,-3.462708950042724609e+00,-5.170540809631347656e+00,-1.669138526916503906e+01,-1.604865455627441406e+01,-1.370899319648742676e+00
-2.336812896728515625e+02,8.876519775390625000e+01,1.120899391174316406e+01,4.536519622802734375e+01,2.916313171386718750e+01,2.019412040710449219e+01,-2.571070671081542969e+01,-2.524273872375488281e+00,2.976463317871093750e+00,5.244454145431518555e-01,-1.979294776916503906e+01,-9.450839996337890625e+00,-3.089683294296264648e+00
-2.275254211425781250e+02,6.783432006835937500e+01,4.357663393020629883e-01,3.953425598144531250e+01,3.707025146484375000e+01,1.268775582313537598e+00,-5.796916007995605469e+00,-2.808239459991455078e+00,1.452915954589843750e+01,-1.324073410034179688e+01,-1.368595695495605469e+01,3.408719062805175781e+00,-1.884965598583221436e-01
-1.655830841064453125e+02,4.602859497070312500e+01,-1.365791130065917969e+01,3.660688400268554688e+01,3.186016845703125000e+01,-4.919009685516357422e+00,-8.436254501342773438e+00,-1.377812576293945312e+01,3.789754867553710938e+00,-1.914860534667968750e+01,-1.000756072998046875e+01,9.075489044189453125e+00,6.250953674316406250e+00
-1.347193908691406250e+02,7.199745178222656250e+01,1.591664123535156250e+01,5.343585968017578125e+01,2.835804176330566406e+01,-2.233556985855102539e+00,-2.798564529418945312e+01,-1.792448997497558594e+01,-9.854472160339355469e+00,-2.932513809204101562e+01,-6.760285377502441406e+00,4.330305576324462891e+00,1.063126182556152344e+01
-1.356919097900390625e+02,9.191882324218750000e+01,2.660349273681640625e+01,5.090280151367187500e+01,3.908736038208007812e+01,-1.326543569564819336e+00,-5.966268920898437500e+01,-8.693889617919921875e+00,-4.209962844848632812e+00,-3.764736938476562500e+01,-5.220248699188232422e+00,-2.774705886840820312e-01,1.735517692565917969e+01
-1.441698303222656250e+02,8.872046661376953125e+01,1.971252059936523438e+01,3.931257629394531250e+01,4.620550537109375000e+01,1.521683573722839355e+00,-7.025654602050781250e+01,6.825201511383056641e-01,3.250111579895019531e+00,-3.965325927734375000e+01,-4.767676353454589844e+00,-6.337119102478027344e+00,1.416850662231445312e+01
-1.488498535156250000e+02,7.865253448486328125e+01,1.618091392517089844e+01,4.072885513305664062e+01,3.854338073730468750e+01,3.523649454116821289e+00,-7.048275756835937500e+01,5.223460197448730469e+00,6.734533309936523438e+00,-3.419647216796875000e+01,-2.100143909454345703e+00,2.375918626785278320e-01,1.925085830688476562e+01
-1.584599304199218750e+02,7.708573913574218750e+01,1.489234828948974609e+01,3.823157501220703125e+01,3.806919860839843750e+01,6.402986049652099609e-01,-7.125772094726562500e+01,5.080753326416015625e+00,1.056811523437500000e+01,-3.217491531372070312e+01,-3.626214861869812012e-01,3.437672615051269531e+00,1.595518016815185547e+01
-1.612077026367187500e+02,8.878205871582031250e+01,2.102688980102539062e+01,2.824972915649414062e+01,3.692180633544921875e+01,-4.517544269561767578e+00,-6.990281677246093750e+01,-2.875388562679290771e-01,4.879565238952636719e+00,-3.213470458984375000e+01,-1.579414129257202148e+00,-2.823746204376220703e-02,1.859061431884765625e+01
-1.772115631103515625e+02,9.974684143066406250e+01,3.166236495971679688e+01,2.602516937255859375e+01,3.184604644775390625e+01,1.314797163009643555e+00,-6.148407745361328125e+01,-1.472042322158813477e+00,-7.526689767837524414e-01,-2.502349662780761719e+01,-2.945986032485961914e+00,3.169934749603271484e-01,2.018698883056640625e+01
-2.048385620117187500e+02,1.107341461181640625e+02,3.736330413818359375e+01,2.850532722473144531e+01,2.444661521911621094e+01,8.399095535278320312e+00,-5.248855209350585938e+01,1.049562335014343262e+00,-1.185301065444946289e+00,-1.843176269531250000e+01,-3.774667024612426758e+00,8.466962724924087524e-02,1.628400611877441406e+01
-2.514491119384765625e+02,1.161853103637695312e+02,3.769043731689453125e+01,2.901227951049804688e+01,2.365016555786132812e+01,8.066928863525390625e+00,-3.755602264404296875e+01,2.768159389495849609e+00,3.658240318298339844e+00,-8.623085975646972656e+00,-6.694065093994140625e+00,-3.967929482460021973e-01,1.528609275817871094e+01
-3.044977722167968750e+02,1.040510406494140625e+02,3.451800155639648438e+01,3.275918579101562500e+01,3.269374465942382812e+01,9.810014724731445312e+00,-2.261139678955078125e+01,3.888234853744506836e+00,8.357336044311523438e+00,-1.599608540534973145e+00,-1.207309341430664062e+01,-5.096673965454101562e-01,1.415785789489746094e+01
-3.449057312011718750e+02,6.962664794921875000e+01,4.568473815917968750e+01,2.404030227661132812e+01,3.709257507324218750e+01,-5.729670524597167969e+00,-5.579121112823486328e+00,-1.178295612335205078e+00,1.160032844543457031e+01,-1.324735879898071289e+00,-8.246683120727539062e+00,3.964289665222167969e+00,7.950290203094482422e+00
-3.872187194824218750e+02,3.913241195678710938e+01,5.280796813964843750e+01,1.899551010131835938e+01,3.124987411499023438e+01,-8.600728988647460938e+00,7.117295742034912109e+00,-1.871387720108032227e+00,4.780109882354736328e+00,1.176327466964721680e-02,-1.475509285926818848e+00,5.397006988525390625e+00,1.515612602233886719e-01
-4.418975219726562500e+02,5.689382171630859375e+01,5.290040588378906250e+01,1.857511520385742188e+01,3.027882957458496094e+01,3.572139263153076172e+00,8.217498779296875000e+00,-4.030804634094238281e+00,1.169976472854614258e+00,4.700166583061218262e-01,-1.555158138275146484e+00,6.653877258300781250e+00,7.735570430755615234e+00
-5.330322875976562500e+02,4.142938232421875000e+01,3.593476486206054688e+01,2.423385238647460938e+01,2.112652969360351562e+01,1.161378097534179688e+01,9.190762519836425781e+00,4.573261737823486328e+00,5.276736259460449219e+00,1.053359866142272949e+00,1.228614747524261475e-01,1.283382028341293335e-01,2.147116899490356445e+00
-5.587221069335937500e+02,1.156639289855957031e+01,9.195754051208496094e+00,7.607955455780029297e+00,7.084717750549316406e+00,7.923425674438476562e+00,7.395332813262939453e+00,6.028046607971191406e+00,4.956157684326171875e+00,3.913545608520507812e+00,4.367124080657958984e+00,4.381822586059570312e+00,3.003400802612304688e+00
-5.631685180664062500e+02,6.731404304504394531e+00,6.278259277343750000e+00,5.817155361175537109e+00,5.465574264526367188e+00,5.116333961486816406e+00,4.603970527648925781e+00,3.929775238037109375e+00,3.287128925323486328e+00,2.862805366516113281e+00,2.643126726150512695e+00,2.440165042877197266e+00,2.098676204681396484e+00
-5.468435058593750000e+02,2.769772338867187500e+01,2.432814025878906250e+01,2.032255363464355469e+01,1.718126678466796875e+01,1.481165218353271484e+01,1.137003517150878906e+01,7.680733680725097656e+00,4.332115173339843750e+00,1.358476877212524414e+00,7.556864619255065918e-02,-1.022344350814819336e+00,-1.052550792694091797e+00
-5.422520751953125000e+02,3.176182174682617188e+01,2.754821395874023438e+01,2.190749359130859375e+01,1.717197036743164062e+01,1.502119064331054688e+01,1.053569793701171875e+01,7.281488418579101562e+00,4.995242118835449219e+00,1.578835487365722656e+00,6.119210720062255859e-01,-1.658832669258117676e+00,-1.349678277969360352e+00
-5.630173950195312500e+02,7.065240383148193359e+00,6.847243309020996094e+00,6.497215270996093750e+00,6.034027099609375000e+00,5.482071876525878906e+00,4.869394302368164062e+00,4.225688934326171875e+00,3.580185413360595703e+00,2.959692478179931641e+00,2.386940479278564453e+00,1.879349112510681152e+00,1.448311924934387207e+00
-5.680656127929687500e+02,0.000000000000000000e+00,0.000000000000000000e+00,0.000000000000000000e+00,0.000000000000000000e+00,0.000000000000000000e+00,0.000000000000000000e+00,0.000000000000000000e+00,0.000000000000000000e+00,0.000000000000000000e+00,0.000000000000000000e+00,0.000000000000000000e+00,0.000000000000000000e+00
-5.642042846679687500e+02,5.264685630798339844e+00,4.722059249877929688e+00,3.957772493362426758e+00,3.144839286804199219e+00,2.461194992065429688e+00,2.045938730239868164e+00,1.966154098510742188e+00,2.202629327774047852e+00,2.657697677612304688e+00,3.182658433914184570e+00,3.617191791534423828e+00,3.830358743667602539e+00
-5.623691406250000000e+02,7.659209251403808594e+00,6.577979087829589844e+00,5.093755245208740234e+00,3.559302330017089844e+00,2.307402133941650391e+00,1.591895818710327148e+00,1.538775801658630371e+00,2.101643562316894531e+00,3.060085296630859375e+00,4.093052387237548828e+00,4.895877838134765625e+00,5.268462181091308594e+00
-5.608138427734375000e+02,9.064298629760742188e+00,7.062389373779296875e+00,6.504042625427246094e+00,7.019320964813232422e+00,6.710709095001220703e+00,5.368579864501953125e+00,4.429997444152832031e+00,4.352035522460937500e+00,4.141079902648925781e+00,3.377393722534179688e+00,2.853020429611206055e+00,3.010810852050781250e+00
-5.624228515625000000e+02,7.576429367065429688e+00,6.875412940979003906e+00,6.492213249206542969e+00,6.141769409179687500e+00,5.367081642150878906e+00,4.475023269653320312e+00,3.946031808853149414e+00,3.639300346374511719e+00,3.284829378128051758e+00,3.064773321151733398e+00,3.115674495697021484e+00,3.151570320129394531e+00
-5.680656127929687500e+02,0.000000000000000000e+00,0.000000000000000000e+00,0.000000000000000000e+00,0.000000000000000000e+00,0.000000000000000000e+00,0.000000000000000000e+00,0.000000000000000000e+00,0.000000000000000000e+00,0.000000000000000000e+00,0.000000000000000000e+00,0.000000000000000000e+00,0.000000000000000000e+00
-5.680656127929687500e+02,0.000000000000000000e+00,0.000000000000000000e+00,0.000000000000000000e+00,0.000000000000000000e+00,0.000000000000000000e+00,0.000000000000000000e+00,0.000000000000000000e+00,0.000000000000000000e+00,0.000000000000000000e+00,0.000000000000000000e+00,0.000000000000000000e+00,0.000000000000000000e+00
-5.680656127929687500e+02,0.000000000000000000e+00,0.000000000000000000e+00,0.000000000000000000e+00,0.000000000000000000e+00,0.000000000000000000e+00,0.000000000000000000e+00,0.000000000000000000e+00,0.000000000000000000e+00,0.000000000000000000e+00,0.000000000000000000e+00,0.000000000000000000e+00,0.000000000000000000e+00
-5.680656127929687500e+02,0.000000000000000000e+00,0.000000000000000000e+00,0.000000000000000000e+00,0.000000000000000000e+00,0.000000000000000000e+00,0.000000000000000000e+00,0.000000000000000000e+00,0.000000000000000000e+00,0.000000000000000000e+00,0.000000000000000000e+00,0.000000000000000000e+00,0.000000000000000000e+00
-5.680656127929687500e+02,0.000000000000000000e+00,0.000000000000000000e+00,0.000000000000000000e+00,0.000000000000000000e+00,0.000000000000000000e+00,0.000000000000000000e+00,0.000000000000000000e+00,0.000000000000000000e+00,0.000000000000000000e+00,0.000000000000000000e+00,0.000000000000000000e+00,0.000000000000000000e+00
-5.680656127929687500e+02,0.000000000000000000e+00,0.000000000000000000e+00,0.000000000000000000e+00,0.000000000000000000e+00,0.000000000000000000e+00,0.000000000000000000e+00,0.000000000000000000e+00,0.000000000000000000e+00,0.000000000000000000e+00,0.000000000000000000e+00,0.000000000000000000e+00,0.000000000000000000e+00
-5.674534301757812500e+02,8.240187764167785645e-01,7.029235363006591797e-01,5.146374702453613281e-01,2.779851555824279785e-01,1.653622090816497803e-02,-2.438390851020812988e-01,-4.776132404804229736e-01,-6.621989607810974121e-01,-7.802331447601318359e-01,-8.212359547615051270e-01,-7.826168537139892578e-01,-6.697798371315002441e-01
-4.820792236328125000e+02,8.390365600585937500e+01,1.786465072631835938e+01,-1.116259956359863281e+01,-3.822884082794189453e+00,1.084776759147644043e+00,-5.290634632110595703e+00,-8.033475875854492188e+00,-7.850556373596191406e+00,-1.179826831817626953e+01,-1.520158195495605469e+01,-1.180725860595703125e+01,-5.089202880859375000e+00
-3.729962463378906250e+02,1.018609161376953125e+02,1.665647125244140625e+01,-5.197052001953125000e+00,-4.367882013320922852e-01,-6.156301021575927734e+00,-9.138497352600097656e+00,-5.774422645568847656e+00,-8.784251213073730469e+00,-1.077639198303222656e+01,-1.926431274414062500e+01,-9.220956802368164062e+00,1.641740202903747559e+00
-3.294378662109375000e+02,1.011524505615234375e+02,1.504769515991210938e+01,4.847675561904907227e-02,-2.006675720214843750e+00,-8.265026092529296875e+00,-9.605358123779296875e+00,-7.582042217254638672e+00,-1.266913223266601562e+01,-1.709580039978027344e+01,-2.277550697326660156e+01,-7.405953407287597656e+00,4.994990825653076172e+00
-3.333212890625000000e+02,1.000680084228515625e+02,1.546281242370605469e+01,8.496755361557006836e-02,-1.039003968238830566e+00,-4.687734603881835938e+00,-9.764777183532714844e+00,-6.910470485687255859e+00,-1.380087661743164062e+01,-1.963702583312988281e+01,-1.854985618591308594e+01,-5.053590774536132812e+00,3.832288265228271484e+00
-3.332093811035156250e+02,1.044746704101562500e+02,2.002599716186523438e+01,-3.457968235015869141e-01,-1.722539186477661133e+00,-4.827494621276855469e+00,-1.011047935485839844e+01,-1.559818983078002930e+00,-1.128446197509765625e+01,-1.858269500732421875e+01,-1.602550697326660156e+01,-3.627285480499267578e+00,5.766106605529785156e+00
-3.291539001464843750e+02,1.054441680908203125e+02,1.570997238159179688e+01,-2.969516277313232422e+00,-1.796763420104980469e+00,-6.437322139739990234e+00,-1.077536964416503906e+01,-5.360039234161376953e+00,-1.684272766113281250e+01,-1.942395591735839844e+01,-2.112831115722656250e+01,-6.231711387634277344e+00,1.417811393737792969e+00
-3.357208251953125000e+02,1.026070556640625000e+02,1.162088108062744141e+01,-2.358578443527221680e+00,9.897194057703018188e-02,-5.401595830917358398e-01,-7.232098102569580078e+00,-8.768165588378906250e+00,-2.134264373779296875e+01,-1.769553947448730469e+01,-1.979486846923828125e+01,-4.520703315734863281e+00,1.731504917144775391e+00
-3.395309143066406250e+02,1.015424423217773438e+02,1.623072433471679688e+01,-3.973273754119873047e+00,1.998833894729614258e+00,2.138665199279785156e+00,-6.213307857513427734e+00,-6.031618118286132812e+00,-1.542122459411621094e+01,-1.587531852722167969e+01,-1.722635269165039062e+01,-6.868813514709472656e+00,8.527487516403198242e-01
-3.533470764160156250e+02,1.016169586181640625e+02,2.657514953613281250e+01,-6.544997692108154297e+00,-2.529210090637207031e+00,3.779037952423095703e+00,-4.748035907745361328e+00,-3.559641361236572266e+00,-6.872180938720703125e+00,-1.342146682739257812e+01,-1.156522941589355469e+01,-3.856943130493164062e+00,-1.883176684379577637e+00
-3.520645446777343750e+02,1.050422363281250000e+02,3.043730163574218750e+01,8.083850741386413574e-01,-3.891163825988769531e+00,2.400526762008666992e+00,-6.673626899719238281e+00,-3.848545789718627930e+00,-1.095626735687255859e+01,-1.399334621429443359e+01,-7.251871585845947266e+00,-2.693119525909423828e+00,5.396375060081481934e-01
-3.444395751953125000e+02,1.046557312011718750e+02,2.489472579956054688e+01,-1.398209691047668457e+00,-2.330977201461791992e+00,1.320975065231323242e+00,-8.359029769897460938e+00,-5.326043605804443359e+00,-1.238823509216308594e+01,-1.631885528564453125e+01,-1.322896194458007812e+01,-4.424915313720703125e+00,2.511715590953826904e-01
-3.321463623046875000e+02,1.011357116699218750e+02,2.002907943725585938e+01,3.381929397583007812e+00,-1.474511981010437012e+00,-1.060451865196228027e+00,-6.647341728210449219e+00,-1.970068931579589844e+00,-1.271905612945556641e+01,-1.691867828369140625e+01,-1.876810836791992188e+01,-6.411058425903320312e+00,2.834512233734130859e+00
-3.413561706542968750e+02,1.031522369384765625e+02,1.922547149658203125e+01,1.597924232482910156e-01,-1.355339646339416504e+00,2.451640605926513672e+00,-5.295414924621582031e+00,-2.430534839630126953e+00,-1.345121765136718750e+01,-1.573702430725097656e+01,-1.725532531738281250e+01,-5.480783462524414062e+00,2.981308460235595703e+00
-3.504458007812500000e+02,1.003129577636718750e+02,1.882830429077148438e+01,-5.421296596527099609e+00,-3.994783639907836914e+00,1.233814001083374023e+00,-3.337762355804443359e+00,-4.818614006042480469e+00,-1.248299026489257812e+01,-9.063766479492187500e+00,-1.101906967163085938e+01,-4.602607250213623047e+00,-3.031096458435058594e+00
-3.301910705566406250e+02,1.090653762817382812e+02,1.596070384979248047e+01,-2.293469905853271484e+00,-1.787938117980957031e+00,2.744367599487304688e+00,-4.941266536712646484e+00,-3.547981977462768555e+00,-1.374176216125488281e+01,-1.118376827239990234e+01,-1.662054824829101562e+01,-9.372693061828613281e+00,-2.188696861267089844e+00
-3.374661560058593750e+02,1.099378967285156250e+02,2.003445625305175781e+01,-5.710465908050537109e-01,1.347882270812988281e+00,-1.920439600944519043e-01,-6.137174129486083984e+00,-1.927781343460083008e+00,-1.377784442901611328e+01,-9.953260421752929688e+00,-1.558517456054687500e+01,-9.299453735351562500e+00,1.103983640670776367e+00
-3.585392456054687500e+02,1.083784484863281250e+02,2.497911071777343750e+01,-2.373588562011718750e+00,-4.517919540405273438e+00,-2.919638156890869141e+00,-8.841622352600097656e+00,-2.815403461456298828e+00,-2.802969217300415039e+00,-6.813788414001464844e+00,-9.714223861694335938e+00,-4.783562183380126953e+00,-2.907207012176513672e-01
-3.580967102050781250e+02,1.064695739746093750e+02,3.125908279418945312e+01,-7.385300397872924805e-01,-6.182214736938476562e+00,1.590623259544372559e+00,-1.995529651641845703e+00,-3.802886247634887695e+00,-3.867391109466552734e+00,-6.453566551208496094e+00,-6.249090194702148438e+00,-3.585425853729248047e+00,-1.880760043859481812e-01
-3.650361938476562500e+02,1.019272155761718750e+02,3.496435546875000000e+01,-4.445745468139648438e+00,-4.032857894897460938e+00,3.550812721252441406e+00,-1.661612033843994141e+00,-3.184349775314331055e+00,-1.056871223449707031e+01,-8.004459381103515625e+00,-9.169101715087890625e+00,-1.264340996742248535e+00,2.178202152252197266e+00
-3.569638061523437500e+02,1.059243164062500000e+02,2.677511978149414062e+01,-6.005334854125976562e+00,-3.575427055358886719e+00,1.342062830924987793e+00,-4.197513580322265625e+00,-6.904154300689697266e+00,-8.923135757446289062e+00,-1.133014011383056641e+01,-1.636082077026367188e+01,-6.806974411010742188e+00,-1.552506208419799805e+00
-3.403398132324218750e+02,1.033582611083984375e+02,1.734850502014160156e+01,-5.820080757141113281e+00,-1.784031152725219727e+00,-4.230987727642059326e-01,-4.984383583068847656e+00,-3.443584918975830078e+00,-8.910831451416015625e+00,-1.222997665405273438e+01,-1.795449066162109375e+01,-1.328101634979248047e+01,-4.320734977722167969e+00
-3.229579467773437500e+02,9.838282775878906250e+01,1.451987266540527344e+01,6.079039573669433594e+00,5.049956798553466797e+00,-1.476795673370361328e+00,-9.395958900451660156e+00,-4.610478401184082031e+00,-1.241180419921875000e+01,-1.276162338256835938e+01,-1.764639663696289062e+01,-1.451913070678710938e+01,-4.827099800109863281e+00
-3.235120849609375000e+02,9.879914855957031250e+01,1.672926330566406250e+01,2.489533424377441406e+00,2.317200899124145508e+00,-6.825765609741210938e+00,-8.249836921691894531e+00,-4.482824504375457764e-01,-1.022070312500000000e+01,-1.315771484375000000e+01,-1.751274490356445312e+01,-1.082872581481933594e+01,-4.118013858795166016e+00
-3.453544311523437500e+02,9.740115356445312500e+01,2.489361572265625000e+01,-6.284054756164550781e+00,-2.591171741485595703e+00,-4.052789211273193359e+00,-5.795744895935058594e+00,6.540962457656860352e-01,-8.448770523071289062e+00,-1.339340209960937500e+01,-1.855719757080078125e+01,-1.023283958435058594e+01,-4.726749897003173828e+00
-3.689957885742187500e+02,9.609776306152343750e+01,3.025447845458984375e+01,-6.956345558166503906e+00,-3.010420322418212891e+00,5.710256695747375488e-01,-4.409389972686767578e+00,-4.290220737457275391e+00,-1.128254890441894531e+01,-7.846354007720947266e+00,-1.651779937744140625e+01,-1.160602855682373047e+01,-7.155451297760009766e+00
-3.696591796875000000e+02,9.806298065185546875e+01,3.007786369323730469e+01,-3.044165611267089844e+00,-1.128975868225097656e+00,4.164993286132812500e+00,-4.490445137023925781e+00,-5.939504623413085938e+00,-1.033219051361083984e+01,-6.242081165313720703e+00,-1.220699119567871094e+01,-6.921199321746826172e+00,-1.210929632186889648e+00
-3.658506774902343750e+02,9.458836364746093750e+01,3.114929962158203125e+01,2.690694808959960938e+00,1.335613250732421875e+00,5.137750148773193359e+00,-2.136277675628662109e+00,-8.126813888549804688e+00,-9.031745910644531250e+00,-8.810190200805664062e+00,-1.528601837158203125e+01,-7.462619304656982422e+00,-9.789633750915527344e-02
-3.834987792968750000e+02,9.794892120361328125e+01,3.449198150634765625e+01,3.699297189712524414e+00,-6.747652053833007812e+00,-1.806814432144165039e+00,2.083820819854736328e+00,-7.870762348175048828e-01,-7.038157463073730469e+00,-5.881127357482910156e+00,-1.374753379821777344e+01,-8.322995185852050781e+00,-1.205459475517272949e+00
-4.120485534667968750e+02,9.104718780517578125e+01,3.631799316406250000e+01,5.550238609313964844e+00,-9.743869781494140625e+00,-8.907340764999389648e-01,1.228497505187988281e+00,-1.613304615020751953e+00,-6.242857933044433594e+00,-3.142060279846191406e+00,-6.467881202697753906e+00,-1.329184055328369141e+00,1.662424564361572266e+00
-3.791160888671875000e+02,8.711035156250000000e+01,-4.165271759033203125e+00,-1.263896822929382324e-01,9.285650253295898438e+00,4.088899612426757812e+00,-4.190110206604003906e+00,-5.962423324584960938e+00,5.343186855316162109e-02,-5.039026260375976562e+00,-3.285921812057495117e+00,2.993922710418701172e+00,-4.927258491516113281e+00
-3.185135803222656250e+02,8.500369262695312500e+01,-2.242999267578125000e+01,5.138005256652832031e+00,8.137356758117675781e+00,8.770784735679626465e-01,-7.543984413146972656e+00,-6.672222137451171875e+00,1.359115391969680786e-01,-1.018639469146728516e+01,-7.534722805023193359e+00,2.231672763824462891e+00,-7.307909965515136719e+00
-3.061528930664062500e+02,9.137731933593750000e+01,-1.226672554016113281e+01,6.744625568389892578e+00,4.991384983062744141e+00,-5.019475936889648438e+00,-6.621147155761718750e+00,-7.574848532676696777e-01,-2.226663589477539062e+00,-1.409906196594238281e+01,-1.258051872253417969e+01,6.933408975601196289e-01,-6.015320777893066406e+00
-3.396146850585937500e+02,9.569873046875000000e+01,7.207447886466979980e-01,5.667629241943359375e+00,2.899174213409423828e+00,-5.045500278472900391e+00,-1.250928878784179688e+00,-1.152279019355773926e+00,-5.983165264129638672e+00,-1.622057723999023438e+01,-1.685416984558105469e+01,-2.689928531646728516e+00,-1.967181444168090820e+00
